{"overall_accuracy": 0.516751071289443, "overall_fscore": 0.11827594974835991}