target_bin,accuracy
"(-0.001, 0.1]",0.42829643888354185
"(0.1, 0.2]",0.37875417130144606
"(0.2, 0.3]",0.3281860828772479
"(0.3, 0.4]",0.3142715067130781
"(0.4, 0.5]",0.3542268041237113
"(0.5, 0.6]",0.3460207612456747
"(0.6, 0.7]",0.43453510436432635
"(0.7, 0.8]",0.5470085470085471
"(0.8, 0.9]",0.46258503401360546
"(0.9, 1.0]",0.1702728127939793
