{"overall_accuracy": 0.3333657966497857, "overall_fscore": 0.07758182112394886}