target_bin,accuracy
"(-0.001, 0.1]",0.38088235294117645
"(0.1, 0.2]",0.45726495726495725
"(0.2, 0.3]",0.14390756302521007
"(0.3, 0.4]",0.14652777777777778
"(0.4, 0.5]",0.17457627118644067
"(0.5, 0.6]",0.20202020202020202
"(0.6, 0.7]",0.20072992700729927
"(0.7, 0.8]",0.20202020202020202
"(0.8, 0.9]",0.3111111111111111
"(0.9, 1.0]",0.25925925925925924
