{"overall_accuracy": 0.3508472925594079, "overall_fscore": 0.07637440719127338}