target_bin,accuracy
"(-0.001, 0.1]",0.3589366515837104
"(0.1, 0.2]",0.5394327894327894
"(0.2, 0.3]",0.18172268907563024
"(0.3, 0.4]",0.16666666666666666
"(0.4, 0.5]",0.2
"(0.5, 0.6]",0.21212121212121213
"(0.6, 0.7]",0.17883211678832117
"(0.7, 0.8]",0.22474747474747475
"(0.8, 0.9]",0.28888888888888886
"(0.9, 1.0]",0.24074074074074073
