{"overall_accuracy": 0.6857226334242306, "overall_fscore": 0.34162830662393473}