target_bin,accuracy
"(-0.001, 0.1]",0.717420814479638
"(0.1, 0.2]",0.7810800310800311
"(0.2, 0.3]",0.5047268907563025
"(0.3, 0.4]",0.5923611111111111
"(0.4, 0.5]",0.6305084745762712
"(0.5, 0.6]",0.6199494949494949
"(0.6, 0.7]",0.5675182481751825
"(0.7, 0.8]",0.51010101010101
"(0.8, 0.9]",0.6333333333333333
"(0.9, 1.0]",0.39814814814814814
