target_bin,accuracy
"(-0.001, 0.1]",0.5952488687782805
"(0.1, 0.2]",0.6557886557886557
"(0.2, 0.3]",0.2851890756302521
"(0.3, 0.4]",0.26458333333333334
"(0.4, 0.5]",0.3228813559322034
"(0.5, 0.6]",0.32702020202020204
"(0.6, 0.7]",0.33941605839416056
"(0.7, 0.8]",0.29545454545454547
"(0.8, 0.9]",0.4388888888888889
"(0.9, 1.0]",0.25925925925925924
